strategy_id,strategy_name,family,bias,timeframe,underlying_universe,entry_rule,confirmation_rule,option_side,dte_min,dte_max,moneyness_target,entry_fill_rule,exit_rule,take_profit_pct,stop_loss_pct,max_hold_days,alpaca_data_recipe,complexity
OPTSTRAT001,SMA 5/20 Golden Cross Call,trend_ma,bullish,15m,US optionable equities with average stock dollar volume > $20M and option chain liquidity filters,Buy when 5-period SMA crosses above 20-period SMA on 15m bars and both averages are sloping up.,Require 15m volume >= 1.2x the 20-bar average.,call,21,45,ATM to 1 strike OTM,Buy-to-open next bar using the nearest liquid contract with 21-45 DTE; prefer ATM to 1 strike OTM and use nearest 1m option bar close as fill proxy.,"Sell-to-close when the bullish signal invalidates, price closes below the setup anchor, or premium hits risk/target thresholds.",60,35,10,Stock bars: 1m+15m; Option bars: 1m; Option trades: optional for slippage refinement,simple
OPTSTRAT002,SMA 5/20 Death Cross Put,trend_ma,bearish,15m,US optionable equities with average stock dollar volume > $20M and option chain liquidity filters,Buy when 5-period SMA crosses below 20-period SMA on 15m bars and both averages are sloping down.,Require 15m volume >= 1.2x the 20-bar average.,put,21,45,ATM to 1 strike OTM,Buy-to-open next bar using the nearest liquid contract with 21-45 DTE; prefer ATM to 1 strike OTM and use nearest 1m option bar close as fill proxy.,"Sell-to-close when the bearish signal invalidates, price closes above the setup anchor, or premium hits risk/target thresholds.",60,35,10,Stock bars: 1m+15m; Option bars: 1m; Option trades: optional for slippage refinement,simple
OPTSTRAT003,EMA 8/21 Crossover Call,trend_ma,bullish,30m,US optionable equities with average stock dollar volume > $20M and option chain liquidity filters,Buy when 8 EMA crosses above 21 EMA on 30m bars after at least 3 bars below.,Require close to be on the signal side of both EMAs.,call,21,45,ATM to 1 strike OTM,Buy-to-open next bar using the nearest liquid contract with 21-45 DTE; prefer ATM to 1 strike OTM and use nearest 1m option bar close as fill proxy.,"Sell-to-close when the bullish signal invalidates, price closes below the setup anchor, or premium hits risk/target thresholds.",60,35,10,Stock bars: 1m+30m; Option bars: 1m; Option trades: optional for slippage refinement,simple
OPTSTRAT004,EMA 8/21 Crossover Put,trend_ma,bearish,30m,US optionable equities with average stock dollar volume > $20M and option chain liquidity filters,Buy when 8 EMA crosses below 21 EMA on 30m bars after at least 3 bars above.,Require close to be on the signal side of both EMAs.,put,21,45,ATM to 1 strike OTM,Buy-to-open next bar using the nearest liquid contract with 21-45 DTE; prefer ATM to 1 strike OTM and use nearest 1m option bar close as fill proxy.,"Sell-to-close when the bearish signal invalidates, price closes above the setup anchor, or premium hits risk/target thresholds.",60,35,10,Stock bars: 1m+30m; Option bars: 1m; Option trades: optional for slippage refinement,simple
OPTSTRAT005,SMA 20/50 Trend Shift Call,trend_ma,bullish,1d,US optionable equities with average stock dollar volume > $20M and option chain liquidity filters,Buy when daily 20 SMA crosses above daily 50 SMA.,Require ADX(14) > 18 at the crossover.,call,21,45,ATM to 1 strike OTM,Buy-to-open next bar using the nearest liquid contract with 21-45 DTE; prefer ATM to 1 strike OTM and use nearest 1m option bar close as fill proxy.,"Sell-to-close when the bullish signal invalidates, price closes below the setup anchor, or premium hits risk/target thresholds.",60,35,10,Stock bars: 1d plus 1m/5m for execution; Option bars: 1m or 5m; Option trades: optional,simple
OPTSTRAT006,SMA 20/50 Trend Shift Put,trend_ma,bearish,1d,US optionable equities with average stock dollar volume > $20M and option chain liquidity filters,Buy when daily 20 SMA crosses below daily 50 SMA.,Require ADX(14) > 18 at the crossover.,put,21,45,ATM to 1 strike OTM,Buy-to-open next bar using the nearest liquid contract with 21-45 DTE; prefer ATM to 1 strike OTM and use nearest 1m option bar close as fill proxy.,"Sell-to-close when the bearish signal invalidates, price closes above the setup anchor, or premium hits risk/target thresholds.",60,35,10,Stock bars: 1d plus 1m/5m for execution; Option bars: 1m or 5m; Option trades: optional,simple
OPTSTRAT007,EMA 12/34 Slope Confirmation Call,trend_ma,bullish,1h,US optionable equities with average stock dollar volume > $20M and option chain liquidity filters,Buy when 12 EMA crosses above 34 EMA and the 34 EMA slope turns positive on 1h bars.,Require no more than 1 ATR extension from the 34 EMA on entry.,call,21,45,ATM to 1 strike OTM,Buy-to-open next bar using the nearest liquid contract with 21-45 DTE; prefer ATM to 1 strike OTM and use nearest 1m option bar close as fill proxy.,"Sell-to-close when the bullish signal invalidates, price closes below the setup anchor, or premium hits risk/target thresholds.",60,35,10,Stock bars: 5m+1h; Option bars: 1m or 5m; Option trades: optional,simple
OPTSTRAT008,EMA 12/34 Slope Confirmation Put,trend_ma,bearish,1h,US optionable equities with average stock dollar volume > $20M and option chain liquidity filters,Buy when 12 EMA crosses below 34 EMA and the 34 EMA slope turns negative on 1h bars.,Require no more than 1 ATR extension from the 34 EMA on entry.,put,21,45,ATM to 1 strike OTM,Buy-to-open next bar using the nearest liquid contract with 21-45 DTE; prefer ATM to 1 strike OTM and use nearest 1m option bar close as fill proxy.,"Sell-to-close when the bearish signal invalidates, price closes above the setup anchor, or premium hits risk/target thresholds.",60,35,10,Stock bars: 5m+1h; Option bars: 1m or 5m; Option trades: optional,simple
OPTSTRAT009,Triple MA Stack Call,trend_ma,bullish,1d,US optionable equities with average stock dollar volume > $20M and option chain liquidity filters,Buy when 8 EMA > 21 EMA > 55 EMA and price closes above the 8 EMA after a 3-bar consolidation.,Require 21 EMA slope to agree with direction.,call,21,45,ATM to 1 strike OTM,Buy-to-open next bar using the nearest liquid contract with 21-45 DTE; prefer ATM to 1 strike OTM and use nearest 1m option bar close as fill proxy.,"Sell-to-close when the bullish signal invalidates, price closes below the setup anchor, or premium hits risk/target thresholds.",60,35,10,Stock bars: 1d plus 1m/5m for execution; Option bars: 1m or 5m; Option trades: optional,simple
OPTSTRAT010,Triple MA Stack Put,trend_ma,bearish,1d,US optionable equities with average stock dollar volume > $20M and option chain liquidity filters,Buy when 8 EMA < 21 EMA < 55 EMA and price closes below the 8 EMA after a 3-bar consolidation.,Require 21 EMA slope to agree with direction.,put,21,45,ATM to 1 strike OTM,Buy-to-open next bar using the nearest liquid contract with 21-45 DTE; prefer ATM to 1 strike OTM and use nearest 1m option bar close as fill proxy.,"Sell-to-close when the bearish signal invalidates, price closes above the setup anchor, or premium hits risk/target thresholds.",60,35,10,Stock bars: 1d plus 1m/5m for execution; Option bars: 1m or 5m; Option trades: optional,simple
OPTSTRAT011,20 EMA Pullback Continuation Call,pullback_trend,bullish,1h,US optionable equities with average stock dollar volume > $20M and option chain liquidity filters,"Buy when price is above a rising 20 EMA, pulls back into the EMA, then closes back above the prior bar high on 1h bars.",Require pullback depth <= 1 ATR.,call,21,45,ATM to 1 strike OTM,Buy-to-open next bar using the nearest liquid contract with 21-45 DTE; prefer ATM to 1 strike OTM and use nearest 1m option bar close as fill proxy.,"Sell-to-close when the bullish signal invalidates, price closes below the setup anchor, or premium hits risk/target thresholds.",60,35,10,Stock bars: 5m+1h; Option bars: 1m or 5m; Option trades: optional,simple
OPTSTRAT012,20 EMA Pullback Breakdown Put,pullback_trend,bearish,1h,US optionable equities with average stock dollar volume > $20M and option chain liquidity filters,"Buy when price is below a falling 20 EMA, rallies into the EMA, then closes back below the prior bar low on 1h bars.",Require pullback depth <= 1 ATR.,put,21,45,ATM to 1 strike OTM,Buy-to-open next bar using the nearest liquid contract with 21-45 DTE; prefer ATM to 1 strike OTM and use nearest 1m option bar close as fill proxy.,"Sell-to-close when the bearish signal invalidates, price closes above the setup anchor, or premium hits risk/target thresholds.",60,35,10,Stock bars: 5m+1h; Option bars: 1m or 5m; Option trades: optional,simple
OPTSTRAT013,50 SMA Bounce Call,pullback_trend,bullish,1d,US optionable equities with average stock dollar volume > $20M and option chain liquidity filters,"Buy when daily price is in an uptrend, touches the 50 SMA, and then closes back above the prior day's high.",Require 50 SMA slope to match direction.,call,21,45,ATM to 1 strike OTM,Buy-to-open next bar using the nearest liquid contract with 21-45 DTE; prefer ATM to 1 strike OTM and use nearest 1m option bar close as fill proxy.,"Sell-to-close when the bullish signal invalidates, price closes below the setup anchor, or premium hits risk/target thresholds.",60,35,10,Stock bars: 1d plus 1m/5m for execution; Option bars: 1m or 5m; Option trades: optional,simple
OPTSTRAT014,50 SMA Rejection Put,pullback_trend,bearish,1d,US optionable equities with average stock dollar volume > $20M and option chain liquidity filters,"Buy when daily price is in a downtrend, touches the 50 SMA from below, and then closes back below the prior day's low.",Require 50 SMA slope to match direction.,put,21,45,ATM to 1 strike OTM,Buy-to-open next bar using the nearest liquid contract with 21-45 DTE; prefer ATM to 1 strike OTM and use nearest 1m option bar close as fill proxy.,"Sell-to-close when the bearish signal invalidates, price closes above the setup anchor, or premium hits risk/target thresholds.",60,35,10,Stock bars: 1d plus 1m/5m for execution; Option bars: 1m or 5m; Option trades: optional,simple
OPTSTRAT015,200 SMA Reclaim Call,trend_ma,bullish,1d,US optionable equities with average stock dollar volume > $20M and option chain liquidity filters,Buy when daily close reclaims the 200 SMA after at least 5 days below it.,Require the reclaim/loss bar to close in the top/bottom 30% of its range.,call,21,45,ATM to 1 strike OTM,Buy-to-open next bar using the nearest liquid contract with 21-45 DTE; prefer ATM to 1 strike OTM and use nearest 1m option bar close as fill proxy.,"Sell-to-close when the bullish signal invalidates, price closes below the setup anchor, or premium hits risk/target thresholds.",60,35,10,Stock bars: 1d plus 1m/5m for execution; Option bars: 1m or 5m; Option trades: optional,simple
OPTSTRAT016,200 SMA Failure Put,trend_ma,bearish,1d,US optionable equities with average stock dollar volume > $20M and option chain liquidity filters,Buy when daily close loses the 200 SMA after at least 5 days above it.,Require the reclaim/loss bar to close in the top/bottom 30% of its range.,put,21,45,ATM to 1 strike OTM,Buy-to-open next bar using the nearest liquid contract with 21-45 DTE; prefer ATM to 1 strike OTM and use nearest 1m option bar close as fill proxy.,"Sell-to-close when the bearish signal invalidates, price closes above the setup anchor, or premium hits risk/target thresholds.",60,35,10,Stock bars: 1d plus 1m/5m for execution; Option bars: 1m or 5m; Option trades: optional,simple
OPTSTRAT017,VWAP Reclaim Call,intraday_trend,bullish,5m,US optionable equities with average stock dollar volume > $20M and option chain liquidity filters,Buy when price reclaims session VWAP on 5m bars and then prints a higher high.,Require cumulative volume pace >= opening 20-day median pace.,call,7,14,ATM or 1 strike ITM,Buy-to-open immediately after the trigger using the nearest liquid same-week or next-week ATM/1-strike-ITM contract; use 1m option bars or first trade after signal.,"Sell-to-close at session high break failure, VWAP loss, end of day, or premium target/stop.",25,15,1,Stock bars: 1m+5m; Option bars: 1m; Option trades: optional for slippage refinement,simple
OPTSTRAT018,VWAP Reject Put,intraday_trend,bearish,5m,US optionable equities with average stock dollar volume > $20M and option chain liquidity filters,Buy when price loses session VWAP on 5m bars and then prints a lower low.,Require cumulative volume pace >= opening 20-day median pace.,put,7,14,ATM or 1 strike ITM,Buy-to-open immediately after the trigger using the nearest liquid same-week or next-week ATM/1-strike-ITM contract; use 1m option bars or first trade after signal.,"Sell-to-close at session low break failure, VWAP reclaim, end of day, or premium target/stop.",25,15,1,Stock bars: 1m+5m; Option bars: 1m; Option trades: optional for slippage refinement,simple
OPTSTRAT019,Opening VWAP Pullback Call,intraday_trend,bullish,5m,US optionable equities with average stock dollar volume > $20M and option chain liquidity filters,"Buy when price trends above VWAP for 30 minutes, pulls back to VWAP, and then closes back above the 9 EMA.",Avoid entries after 14:30 ET.,call,7,14,ATM or 1 strike ITM,Buy-to-open immediately after the trigger using the nearest liquid same-week or next-week ATM/1-strike-ITM contract; use 1m option bars or first trade after signal.,"Sell-to-close at session high break failure, VWAP loss, end of day, or premium target/stop.",25,15,1,Stock bars: 1m+5m; Option bars: 1m; Option trades: optional for slippage refinement,simple
OPTSTRAT020,Opening VWAP Fade Put,intraday_trend,bearish,5m,US optionable equities with average stock dollar volume > $20M and option chain liquidity filters,"Buy when price trends below VWAP for 30 minutes, rallies to VWAP, and then closes back below the 9 EMA.",Avoid entries after 14:30 ET.,put,7,14,ATM or 1 strike ITM,Buy-to-open immediately after the trigger using the nearest liquid same-week or next-week ATM/1-strike-ITM contract; use 1m option bars or first trade after signal.,"Sell-to-close at session low break failure, VWAP reclaim, end of day, or premium target/stop.",25,15,1,Stock bars: 1m+5m; Option bars: 1m; Option trades: optional for slippage refinement,simple
OPTSTRAT021,MACD Signal Cross from Below Call,macd,bullish,1h,US optionable equities with average stock dollar volume > $20M and option chain liquidity filters,Buy when MACD line crosses above signal while MACD is still below zero on 1h bars.,Require histogram to improve for 2 consecutive bars.,call,14,30,ATM,Buy-to-open next bar using the nearest liquid ATM contract with 14-30 DTE; use the nearest 1m option bar close or first trade after signal.,"Sell-to-close on momentum rollover, retest failure, or when premium reaches target/stop.",45,25,7,Stock bars: 5m+1h; Option bars: 1m or 5m; Option trades: optional,moderate
OPTSTRAT022,MACD Signal Cross from Above Put,macd,bearish,1h,US optionable equities with average stock dollar volume > $20M and option chain liquidity filters,Buy when MACD line crosses below signal while MACD is still above zero on 1h bars.,Require histogram to improve for 2 consecutive bars.,put,14,30,ATM,Buy-to-open next bar using the nearest liquid ATM contract with 14-30 DTE; use the nearest 1m option bar close or first trade after signal.,"Sell-to-close on downside momentum rollover, retest failure, or when premium reaches target/stop.",45,25,7,Stock bars: 5m+1h; Option bars: 1m or 5m; Option trades: optional,moderate
OPTSTRAT023,MACD Zero-Line Break Call,macd,bullish,1d,US optionable equities with average stock dollar volume > $20M and option chain liquidity filters,Buy when MACD line crosses above zero on daily bars.,Require signal line to already be on the same side of zero.,call,21,45,ATM to 1 strike OTM,Buy-to-open next bar using the nearest liquid contract with 21-45 DTE; prefer ATM to 1 strike OTM and use nearest 1m option bar close as fill proxy.,"Sell-to-close when the bullish signal invalidates, price closes below the setup anchor, or premium hits risk/target thresholds.",60,35,10,Stock bars: 1d plus 1m/5m for execution; Option bars: 1m or 5m; Option trades: optional,simple
OPTSTRAT024,MACD Zero-Line Break Put,macd,bearish,1d,US optionable equities with average stock dollar volume > $20M and option chain liquidity filters,Buy when MACD line crosses below zero on daily bars.,Require signal line to already be on the same side of zero.,put,21,45,ATM to 1 strike OTM,Buy-to-open next bar using the nearest liquid contract with 21-45 DTE; prefer ATM to 1 strike OTM and use nearest 1m option bar close as fill proxy.,"Sell-to-close when the bearish signal invalidates, price closes above the setup anchor, or premium hits risk/target thresholds.",60,35,10,Stock bars: 1d plus 1m/5m for execution; Option bars: 1m or 5m; Option trades: optional,simple
OPTSTRAT025,TSI Cross Call,oscillator,bullish,1h,US optionable equities with average stock dollar volume > $20M and option chain liquidity filters,Buy when True Strength Index crosses above its signal line and rises from below zero.,Require price to be on the same side of the 34 EMA.,call,14,30,ATM,Buy-to-open next bar using the nearest liquid ATM contract with 14-30 DTE; use the nearest 1m option bar close or first trade after signal.,"Sell-to-close on momentum rollover, retest failure, or when premium reaches target/stop.",45,25,7,Stock bars: 5m+1h; Option bars: 1m or 5m; Option trades: optional,moderate
OPTSTRAT026,TSI Cross Put,oscillator,bearish,1h,US optionable equities with average stock dollar volume > $20M and option chain liquidity filters,Buy when True Strength Index crosses below its signal line and falls from above zero.,Require price to be on the same side of the 34 EMA.,put,14,30,ATM,Buy-to-open next bar using the nearest liquid ATM contract with 14-30 DTE; use the nearest 1m option bar close or first trade after signal.,"Sell-to-close on downside momentum rollover, retest failure, or when premium reaches target/stop.",45,25,7,Stock bars: 5m+1h; Option bars: 1m or 5m; Option trades: optional,moderate
OPTSTRAT027,TRIX Zero Cross Call,oscillator,bullish,1d,US optionable equities with average stock dollar volume > $20M and option chain liquidity filters,Buy when TRIX crosses above zero on daily bars.,Require 3-day rate of change to agree with the TRIX signal.,call,21,45,ATM to 1 strike OTM,Buy-to-open next bar using the nearest liquid contract with 21-45 DTE; prefer ATM to 1 strike OTM and use nearest 1m option bar close as fill proxy.,"Sell-to-close when the bullish signal invalidates, price closes below the setup anchor, or premium hits risk/target thresholds.",60,35,10,Stock bars: 1d plus 1m/5m for execution; Option bars: 1m or 5m; Option trades: optional,simple
OPTSTRAT028,TRIX Zero Cross Put,oscillator,bearish,1d,US optionable equities with average stock dollar volume > $20M and option chain liquidity filters,Buy when TRIX crosses below zero on daily bars.,Require 3-day rate of change to agree with the TRIX signal.,put,21,45,ATM to 1 strike OTM,Buy-to-open next bar using the nearest liquid contract with 21-45 DTE; prefer ATM to 1 strike OTM and use nearest 1m option bar close as fill proxy.,"Sell-to-close when the bearish signal invalidates, price closes above the setup anchor, or premium hits risk/target thresholds.",60,35,10,Stock bars: 1d plus 1m/5m for execution; Option bars: 1m or 5m; Option trades: optional,simple
OPTSTRAT029,RSI 30 Recovery Call,rsi,bullish,1h,US optionable equities with average stock dollar volume > $20M and option chain liquidity filters,Buy when RSI(14) crosses back above 30 after being oversold.,Require a reversal candle on the trigger bar.,call,7,21,ATM or 1 strike ITM,Buy-to-open next bar using the nearest liquid ATM or 1 strike ITM contract with 7-21 DTE; use the nearest 1m option bar close as fill proxy.,"Sell-to-close at mean reversion target (20 EMA / VWAP / mid-band), signal failure, or premium stop/target.",40,22,5,Stock bars: 5m+1h; Option bars: 1m or 5m; Option trades: optional,simple
OPTSTRAT030,RSI 70 Rejection Put,rsi,bearish,1h,US optionable equities with average stock dollar volume > $20M and option chain liquidity filters,Buy when RSI(14) crosses back below 70 after being overbought.,Require a reversal candle on the trigger bar.,put,7,21,ATM or 1 strike ITM,Buy-to-open next bar using the nearest liquid ATM or 1 strike ITM contract with 7-21 DTE; use the nearest 1m option bar close as fill proxy.,"Sell-to-close at mean reversion target (20 EMA / VWAP / mid-band), signal failure, or premium stop/target.",40,22,5,Stock bars: 5m+1h; Option bars: 1m or 5m; Option trades: optional,simple
OPTSTRAT031,RSI 40 Trend Hold Call,rsi,bullish,1d,US optionable equities with average stock dollar volume > $20M and option chain liquidity filters,Buy when daily RSI(14) pulls back to 40-45 in an uptrend and turns higher.,Require price to remain above/below the 50 SMA.,call,21,45,ATM to 1 strike OTM,Buy-to-open next bar using the nearest liquid contract with 21-45 DTE; prefer ATM to 1 strike OTM and use nearest 1m option bar close as fill proxy.,"Sell-to-close when the bullish signal invalidates, price closes below the setup anchor, or premium hits risk/target thresholds.",60,35,10,Stock bars: 1d plus 1m/5m for execution; Option bars: 1m or 5m; Option trades: optional,simple
OPTSTRAT032,RSI 60 Trend Hold Put,rsi,bearish,1d,US optionable equities with average stock dollar volume > $20M and option chain liquidity filters,Buy when daily RSI(14) rallies to 55-60 in a downtrend and turns lower.,Require price to remain above/below the 50 SMA.,put,21,45,ATM to 1 strike OTM,Buy-to-open next bar using the nearest liquid contract with 21-45 DTE; prefer ATM to 1 strike OTM and use nearest 1m option bar close as fill proxy.,"Sell-to-close when the bearish signal invalidates, price closes above the setup anchor, or premium hits risk/target thresholds.",60,35,10,Stock bars: 1d plus 1m/5m for execution; Option bars: 1m or 5m; Option trades: optional,simple
OPTSTRAT033,Stochastic Oversold Cross Call,oscillator,bullish,30m,US optionable equities with average stock dollar volume > $20M and option chain liquidity filters,Buy when Stoch %K crosses above %D from below 20 on 30m bars.,Require price to reverse from Bollinger Band outer edge.,call,7,21,ATM or 1 strike ITM,Buy-to-open next bar using the nearest liquid ATM or 1 strike ITM contract with 7-21 DTE; use the nearest 1m option bar close as fill proxy.,"Sell-to-close at mean reversion target (20 EMA / VWAP / mid-band), signal failure, or premium stop/target.",40,22,5,Stock bars: 1m+30m; Option bars: 1m; Option trades: optional for slippage refinement,simple
OPTSTRAT034,Stochastic Overbought Cross Put,oscillator,bearish,30m,US optionable equities with average stock dollar volume > $20M and option chain liquidity filters,Buy when Stoch %K crosses below %D from above 80 on 30m bars.,Require price to reverse from Bollinger Band outer edge.,put,7,21,ATM or 1 strike ITM,Buy-to-open next bar using the nearest liquid ATM or 1 strike ITM contract with 7-21 DTE; use the nearest 1m option bar close as fill proxy.,"Sell-to-close at mean reversion target (20 EMA / VWAP / mid-band), signal failure, or premium stop/target.",40,22,5,Stock bars: 1m+30m; Option bars: 1m; Option trades: optional for slippage refinement,simple
OPTSTRAT035,MFI Oversold Recovery Call,oscillator,bullish,1h,US optionable equities with average stock dollar volume > $20M and option chain liquidity filters,Buy when Money Flow Index crosses above 20 from oversold.,Require volume on the reversal bar >= prior bar volume.,call,7,21,ATM or 1 strike ITM,Buy-to-open next bar using the nearest liquid ATM or 1 strike ITM contract with 7-21 DTE; use the nearest 1m option bar close as fill proxy.,"Sell-to-close at mean reversion target (20 EMA / VWAP / mid-band), signal failure, or premium stop/target.",40,22,5,Stock bars: 5m+1h; Option bars: 1m or 5m; Option trades: optional,simple
OPTSTRAT036,MFI Overbought Reversal Put,oscillator,bearish,1h,US optionable equities with average stock dollar volume > $20M and option chain liquidity filters,Buy when Money Flow Index crosses below 80 from overbought.,Require volume on the reversal bar >= prior bar volume.,put,7,21,ATM or 1 strike ITM,Buy-to-open next bar using the nearest liquid ATM or 1 strike ITM contract with 7-21 DTE; use the nearest 1m option bar close as fill proxy.,"Sell-to-close at mean reversion target (20 EMA / VWAP / mid-band), signal failure, or premium stop/target.",40,22,5,Stock bars: 5m+1h; Option bars: 1m or 5m; Option trades: optional,simple
OPTSTRAT037,Williams %R Snapback Call,oscillator,bullish,1h,US optionable equities with average stock dollar volume > $20M and option chain liquidity filters,Buy when Williams %R rises back above -80 after at least 2 bars below -90.,Require candle close beyond prior bar midpoint.,call,7,21,ATM or 1 strike ITM,Buy-to-open next bar using the nearest liquid ATM or 1 strike ITM contract with 7-21 DTE; use the nearest 1m option bar close as fill proxy.,"Sell-to-close at mean reversion target (20 EMA / VWAP / mid-band), signal failure, or premium stop/target.",40,22,5,Stock bars: 5m+1h; Option bars: 1m or 5m; Option trades: optional,simple
OPTSTRAT038,Williams %R Fade Put,oscillator,bearish,1h,US optionable equities with average stock dollar volume > $20M and option chain liquidity filters,Buy when Williams %R falls back below -20 after at least 2 bars above -10.,Require candle close beyond prior bar midpoint.,put,7,21,ATM or 1 strike ITM,Buy-to-open next bar using the nearest liquid ATM or 1 strike ITM contract with 7-21 DTE; use the nearest 1m option bar close as fill proxy.,"Sell-to-close at mean reversion target (20 EMA / VWAP / mid-band), signal failure, or premium stop/target.",40,22,5,Stock bars: 5m+1h; Option bars: 1m or 5m; Option trades: optional,simple
OPTSTRAT039,CCI -100 Recovery Call,oscillator,bullish,1h,US optionable equities with average stock dollar volume > $20M and option chain liquidity filters,Buy when CCI(20) crosses back above -100 after an oversold stretch.,Require CCI slope to remain positive/negative for 2 bars.,call,7,21,ATM or 1 strike ITM,Buy-to-open next bar using the nearest liquid ATM or 1 strike ITM contract with 7-21 DTE; use the nearest 1m option bar close as fill proxy.,"Sell-to-close at mean reversion target (20 EMA / VWAP / mid-band), signal failure, or premium stop/target.",40,22,5,Stock bars: 5m+1h; Option bars: 1m or 5m; Option trades: optional,simple
OPTSTRAT040,CCI +100 Failure Put,oscillator,bearish,1h,US optionable equities with average stock dollar volume > $20M and option chain liquidity filters,Buy when CCI(20) crosses back below +100 after an overbought stretch.,Require CCI slope to remain positive/negative for 2 bars.,put,7,21,ATM or 1 strike ITM,Buy-to-open next bar using the nearest liquid ATM or 1 strike ITM contract with 7-21 DTE; use the nearest 1m option bar close as fill proxy.,"Sell-to-close at mean reversion target (20 EMA / VWAP / mid-band), signal failure, or premium stop/target.",40,22,5,Stock bars: 5m+1h; Option bars: 1m or 5m; Option trades: optional,simple
OPTSTRAT041,Lower Band Reversion Call,bollinger,bullish,30m,US optionable equities with average stock dollar volume > $20M and option chain liquidity filters,Buy when price pierces the lower Bollinger Band and then closes back inside the band on 30m bars.,Require RSI divergence versus the prior swing.,call,7,21,ATM or 1 strike ITM,Buy-to-open next bar using the nearest liquid ATM or 1 strike ITM contract with 7-21 DTE; use the nearest 1m option bar close as fill proxy.,"Sell-to-close at mean reversion target (20 EMA / VWAP / mid-band), signal failure, or premium stop/target.",40,22,5,Stock bars: 1m+30m; Option bars: 1m; Option trades: optional for slippage refinement,simple
OPTSTRAT042,Upper Band Reversion Put,bollinger,bearish,30m,US optionable equities with average stock dollar volume > $20M and option chain liquidity filters,Buy when price pierces the upper Bollinger Band and then closes back inside the band on 30m bars.,Require RSI divergence versus the prior swing.,put,7,21,ATM or 1 strike ITM,Buy-to-open next bar using the nearest liquid ATM or 1 strike ITM contract with 7-21 DTE; use the nearest 1m option bar close as fill proxy.,"Sell-to-close at mean reversion target (20 EMA / VWAP / mid-band), signal failure, or premium stop/target.",40,22,5,Stock bars: 1m+30m; Option bars: 1m; Option trades: optional for slippage refinement,simple
OPTSTRAT043,Squeeze Breakout Call,bollinger,bullish,1h,US optionable equities with average stock dollar volume > $20M and option chain liquidity filters,Buy when Bollinger Band width is in the lowest 20% of the last 6 months and price closes above the upper band.,Require 20-bar volume expansion >= 1.5x average.,call,14,35,ATM to 2 strikes OTM,Buy-to-open on breakout confirmation using the nearest liquid contract with 14-35 DTE; prefer ATM to 2 strikes OTM and use 1m option bars for fills.,"Sell-to-close on failed breakout, close back into prior range, or premium target/stop.",55,30,8,Stock bars: 5m+1h; Option bars: 1m or 5m; Option trades: optional,layered
OPTSTRAT044,Squeeze Breakdown Put,bollinger,bearish,1h,US optionable equities with average stock dollar volume > $20M and option chain liquidity filters,Buy when Bollinger Band width is in the lowest 20% of the last 6 months and price closes below the lower band.,Require 20-bar volume expansion >= 1.5x average.,put,14,35,ATM to 2 strikes OTM,Buy-to-open on breakout confirmation using the nearest liquid contract with 14-35 DTE; prefer ATM to 2 strikes OTM and use 1m option bars for fills.,"Sell-to-close on failed breakdown, close back into prior range, or premium target/stop.",55,30,8,Stock bars: 5m+1h; Option bars: 1m or 5m; Option trades: optional,layered
OPTSTRAT045,Keltner Channel Breakout Call,channel_breakout,bullish,1h,US optionable equities with average stock dollar volume > $20M and option chain liquidity filters,Buy when price closes above the upper Keltner Channel after 10 bars inside the channel.,Require ATR to be rising versus 5 bars ago.,call,14,35,ATM to 2 strikes OTM,Buy-to-open on breakout confirmation using the nearest liquid contract with 14-35 DTE; prefer ATM to 2 strikes OTM and use 1m option bars for fills.,"Sell-to-close on failed breakout, close back into prior range, or premium target/stop.",55,30,8,Stock bars: 5m+1h; Option bars: 1m or 5m; Option trades: optional,layered
OPTSTRAT046,Keltner Channel Breakdown Put,channel_breakout,bearish,1h,US optionable equities with average stock dollar volume > $20M and option chain liquidity filters,Buy when price closes below the lower Keltner Channel after 10 bars inside the channel.,Require ATR to be rising versus 5 bars ago.,put,14,35,ATM to 2 strikes OTM,Buy-to-open on breakout confirmation using the nearest liquid contract with 14-35 DTE; prefer ATM to 2 strikes OTM and use 1m option bars for fills.,"Sell-to-close on failed breakdown, close back into prior range, or premium target/stop.",55,30,8,Stock bars: 5m+1h; Option bars: 1m or 5m; Option trades: optional,layered
OPTSTRAT047,Donchian 20-Day Breakout Call,channel_breakout,bullish,1d,US optionable equities with average stock dollar volume > $20M and option chain liquidity filters,Buy when price closes above the highest high of the prior 20 days.,Require the breakout bar to close in the top/bottom quartile of its range.,call,14,35,ATM to 2 strikes OTM,Buy-to-open on breakout confirmation using the nearest liquid contract with 14-35 DTE; prefer ATM to 2 strikes OTM and use 1m option bars for fills.,"Sell-to-close on failed breakout, close back into prior range, or premium target/stop.",55,30,8,Stock bars: 1d plus 1m/5m for execution; Option bars: 1m or 5m; Option trades: optional,layered
OPTSTRAT048,Donchian 20-Day Breakdown Put,channel_breakout,bearish,1d,US optionable equities with average stock dollar volume > $20M and option chain liquidity filters,Buy when price closes below the lowest low of the prior 20 days.,Require the breakout bar to close in the top/bottom quartile of its range.,put,14,35,ATM to 2 strikes OTM,Buy-to-open on breakout confirmation using the nearest liquid contract with 14-35 DTE; prefer ATM to 2 strikes OTM and use 1m option bars for fills.,"Sell-to-close on failed breakdown, close back into prior range, or premium target/stop.",55,30,8,Stock bars: 1d plus 1m/5m for execution; Option bars: 1m or 5m; Option trades: optional,layered
OPTSTRAT049,ATR Expansion Breakout Call,range_breakout,bullish,30m,US optionable equities with average stock dollar volume > $20M and option chain liquidity filters,Buy when 30m true range exceeds 1.8x ATR(14) and closes above the prior 10-bar range.,Require volume >= 1.5x 20-bar average.,call,14,35,ATM to 2 strikes OTM,Buy-to-open on breakout confirmation using the nearest liquid contract with 14-35 DTE; prefer ATM to 2 strikes OTM and use 1m option bars for fills.,"Sell-to-close on failed breakout, close back into prior range, or premium target/stop.",55,30,8,Stock bars: 1m+30m; Option bars: 1m; Option trades: optional for slippage refinement,layered
OPTSTRAT050,ATR Expansion Breakdown Put,range_breakout,bearish,30m,US optionable equities with average stock dollar volume > $20M and option chain liquidity filters,Buy when 30m true range exceeds 1.8x ATR(14) and closes below the prior 10-bar range.,Require volume >= 1.5x 20-bar average.,put,14,35,ATM to 2 strikes OTM,Buy-to-open on breakout confirmation using the nearest liquid contract with 14-35 DTE; prefer ATM to 2 strikes OTM and use 1m option bars for fills.,"Sell-to-close on failed breakdown, close back into prior range, or premium target/stop.",55,30,8,Stock bars: 1m+30m; Option bars: 1m; Option trades: optional for slippage refinement,layered
OPTSTRAT051,NR7 Breakout Call,range_breakout,bullish,30m,US optionable equities with average stock dollar volume > $20M and option chain liquidity filters,Buy when an NR7 setup is followed by an upside break of the NR7 bar high.,Require the NR7 bar to occur after at least a 3-bar directional drift.,call,14,35,ATM to 2 strikes OTM,Buy-to-open on breakout confirmation using the nearest liquid contract with 14-35 DTE; prefer ATM to 2 strikes OTM and use 1m option bars for fills.,"Sell-to-close on failed breakout, close back into prior range, or premium target/stop.",55,30,8,Stock bars: 1m+30m; Option bars: 1m; Option trades: optional for slippage refinement,layered
OPTSTRAT052,NR7 Breakdown Put,range_breakout,bearish,30m,US optionable equities with average stock dollar volume > $20M and option chain liquidity filters,Buy when an NR7 setup is followed by a downside break of the NR7 bar low.,Require the NR7 bar to occur after at least a 3-bar directional drift.,put,14,35,ATM to 2 strikes OTM,Buy-to-open on breakout confirmation using the nearest liquid contract with 14-35 DTE; prefer ATM to 2 strikes OTM and use 1m option bars for fills.,"Sell-to-close on failed breakdown, close back into prior range, or premium target/stop.",55,30,8,Stock bars: 1m+30m; Option bars: 1m; Option trades: optional for slippage refinement,layered
OPTSTRAT053,Inside Bar Breakout Call,range_breakout,bullish,30m,US optionable equities with average stock dollar volume > $20M and option chain liquidity filters,Buy when price breaks above the mother bar high after an inside bar forms.,Require inside bar range to be less than 70% of the mother bar range.,call,14,35,ATM to 2 strikes OTM,Buy-to-open on breakout confirmation using the nearest liquid contract with 14-35 DTE; prefer ATM to 2 strikes OTM and use 1m option bars for fills.,"Sell-to-close on failed breakout, close back into prior range, or premium target/stop.",55,30,8,Stock bars: 1m+30m; Option bars: 1m; Option trades: optional for slippage refinement,layered
OPTSTRAT054,Inside Bar Breakdown Put,range_breakout,bearish,30m,US optionable equities with average stock dollar volume > $20M and option chain liquidity filters,Buy when price breaks below the mother bar low after an inside bar forms.,Require inside bar range to be less than 70% of the mother bar range.,put,14,35,ATM to 2 strikes OTM,Buy-to-open on breakout confirmation using the nearest liquid contract with 14-35 DTE; prefer ATM to 2 strikes OTM and use 1m option bars for fills.,"Sell-to-close on failed breakdown, close back into prior range, or premium target/stop.",55,30,8,Stock bars: 1m+30m; Option bars: 1m; Option trades: optional for slippage refinement,layered
OPTSTRAT055,Opening Range Breakout Call,intraday_breakout,bullish,5m,US optionable equities with average stock dollar volume > $20M and option chain liquidity filters,Buy when price breaks the 30-minute opening range high.,Require breakout volume on 5m bars >= 1.5x the opening-range average bar volume.,call,7,14,ATM or 1 strike ITM,Buy-to-open immediately after the trigger using the nearest liquid same-week or next-week ATM/1-strike-ITM contract; use 1m option bars or first trade after signal.,"Sell-to-close at session high break failure, VWAP loss, end of day, or premium target/stop.",25,15,1,Stock bars: 1m+5m; Option bars: 1m; Option trades: optional for slippage refinement,simple
OPTSTRAT056,Opening Range Breakdown Put,intraday_breakout,bearish,5m,US optionable equities with average stock dollar volume > $20M and option chain liquidity filters,Buy when price breaks the 30-minute opening range low.,Require breakout volume on 5m bars >= 1.5x the opening-range average bar volume.,put,7,14,ATM or 1 strike ITM,Buy-to-open immediately after the trigger using the nearest liquid same-week or next-week ATM/1-strike-ITM contract; use 1m option bars or first trade after signal.,"Sell-to-close at session low break failure, VWAP reclaim, end of day, or premium target/stop.",25,15,1,Stock bars: 1m+5m; Option bars: 1m; Option trades: optional for slippage refinement,simple
OPTSTRAT057,Gap-and-Go Call,gap,bullish,5m,US optionable equities with average stock dollar volume > $20M and option chain liquidity filters,"Buy when stock gaps up >1% above yesterday high, holds the opening range low, and breaks the first pullback high.",Require premarket gap direction to align with the first 15-minute trend.,call,7,14,ATM or 1 strike ITM,Buy-to-open immediately after the trigger using the nearest liquid same-week or next-week ATM/1-strike-ITM contract; use 1m option bars or first trade after signal.,"Sell-to-close at session high break failure, VWAP loss, end of day, or premium target/stop.",25,15,1,Stock bars: 1m+5m; Option bars: 1m; Option trades: optional for slippage refinement,simple
OPTSTRAT058,Gap-and-Go Put,gap,bearish,5m,US optionable equities with average stock dollar volume > $20M and option chain liquidity filters,"Buy when stock gaps down >1% below yesterday low, holds the opening range high, and breaks the first pullback low.",Require premarket gap direction to align with the first 15-minute trend.,put,7,14,ATM or 1 strike ITM,Buy-to-open immediately after the trigger using the nearest liquid same-week or next-week ATM/1-strike-ITM contract; use 1m option bars or first trade after signal.,"Sell-to-close at session low break failure, VWAP reclaim, end of day, or premium target/stop.",25,15,1,Stock bars: 1m+5m; Option bars: 1m; Option trades: optional for slippage refinement,simple
OPTSTRAT059,Gap Fill Reversal Call,gap,bullish,15m,US optionable equities with average stock dollar volume > $20M and option chain liquidity filters,Buy when a down gap fills at least 70% intraday and then price reclaims the 20 EMA.,Require RSI(5) to recover from below 25 / fall from above 75.,call,7,14,ATM or 1 strike ITM,Buy-to-open immediately after the trigger using the nearest liquid same-week or next-week ATM/1-strike-ITM contract; use 1m option bars or first trade after signal.,"Sell-to-close at session high break failure, VWAP loss, end of day, or premium target/stop.",25,15,1,Stock bars: 1m+15m; Option bars: 1m; Option trades: optional for slippage refinement,simple
OPTSTRAT060,Gap Fill Reversal Put,gap,bearish,15m,US optionable equities with average stock dollar volume > $20M and option chain liquidity filters,Buy when an up gap fills at least 70% intraday and then price loses the 20 EMA.,Require RSI(5) to recover from below 25 / fall from above 75.,put,7,14,ATM or 1 strike ITM,Buy-to-open immediately after the trigger using the nearest liquid same-week or next-week ATM/1-strike-ITM contract; use 1m option bars or first trade after signal.,"Sell-to-close at session low break failure, VWAP reclaim, end of day, or premium target/stop.",25,15,1,Stock bars: 1m+15m; Option bars: 1m; Option trades: optional for slippage refinement,simple
OPTSTRAT061,3-Bar Momentum Continuation Call,price_action,bullish,1h,US optionable equities with average stock dollar volume > $20M and option chain liquidity filters,Buy when three consecutive higher closes are followed by a shallow inside pullback and then a breakout.,Require average pullback size <= 40% of the impulse move.,call,21,45,ATM to 1 strike OTM,Buy-to-open next bar using the nearest liquid contract with 21-45 DTE; prefer ATM to 1 strike OTM and use nearest 1m option bar close as fill proxy.,"Sell-to-close when the bullish signal invalidates, price closes below the setup anchor, or premium hits risk/target thresholds.",60,35,10,Stock bars: 5m+1h; Option bars: 1m or 5m; Option trades: optional,simple
OPTSTRAT062,3-Bar Momentum Continuation Put,price_action,bearish,1h,US optionable equities with average stock dollar volume > $20M and option chain liquidity filters,Buy when three consecutive lower closes are followed by a shallow inside bounce and then a breakdown.,Require average pullback size <= 40% of the impulse move.,put,21,45,ATM to 1 strike OTM,Buy-to-open next bar using the nearest liquid contract with 21-45 DTE; prefer ATM to 1 strike OTM and use nearest 1m option bar close as fill proxy.,"Sell-to-close when the bearish signal invalidates, price closes above the setup anchor, or premium hits risk/target thresholds.",60,35,10,Stock bars: 5m+1h; Option bars: 1m or 5m; Option trades: optional,simple
OPTSTRAT063,Breakout Retest Hold Call,price_action,bullish,1h,US optionable equities with average stock dollar volume > $20M and option chain liquidity filters,"Buy when price breaks above resistance, retests that level, and then closes back up.",Require retest volume to contract versus breakout volume.,call,21,45,ATM to 1 strike OTM,Buy-to-open next bar using the nearest liquid contract with 21-45 DTE; prefer ATM to 1 strike OTM and use nearest 1m option bar close as fill proxy.,"Sell-to-close when the bullish signal invalidates, price closes below the setup anchor, or premium hits risk/target thresholds.",60,35,10,Stock bars: 5m+1h; Option bars: 1m or 5m; Option trades: optional,simple
OPTSTRAT064,Breakdown Retest Fail Put,price_action,bearish,1h,US optionable equities with average stock dollar volume > $20M and option chain liquidity filters,"Buy when price breaks below support, retests that level, and then closes back down.",Require retest volume to contract versus breakout volume.,put,21,45,ATM to 1 strike OTM,Buy-to-open next bar using the nearest liquid contract with 21-45 DTE; prefer ATM to 1 strike OTM and use nearest 1m option bar close as fill proxy.,"Sell-to-close when the bearish signal invalidates, price closes above the setup anchor, or premium hits risk/target thresholds.",60,35,10,Stock bars: 5m+1h; Option bars: 1m or 5m; Option trades: optional,simple
OPTSTRAT065,Higher-Low Support Bounce Call,price_action,bullish,1d,US optionable equities with average stock dollar volume > $20M and option chain liquidity filters,Buy when a higher low forms above key support and the next bar confirms with a higher high.,Require support/resistance level to be touched at least twice in the last 30 bars.,call,21,45,ATM to 1 strike OTM,Buy-to-open next bar using the nearest liquid contract with 21-45 DTE; prefer ATM to 1 strike OTM and use nearest 1m option bar close as fill proxy.,"Sell-to-close when the bullish signal invalidates, price closes below the setup anchor, or premium hits risk/target thresholds.",60,35,10,Stock bars: 1d plus 1m/5m for execution; Option bars: 1m or 5m; Option trades: optional,simple
OPTSTRAT066,Lower-High Resistance Rejection Put,price_action,bearish,1d,US optionable equities with average stock dollar volume > $20M and option chain liquidity filters,Buy when a lower high forms below key resistance and the next bar confirms with a lower low.,Require support/resistance level to be touched at least twice in the last 30 bars.,put,21,45,ATM to 1 strike OTM,Buy-to-open next bar using the nearest liquid contract with 21-45 DTE; prefer ATM to 1 strike OTM and use nearest 1m option bar close as fill proxy.,"Sell-to-close when the bearish signal invalidates, price closes above the setup anchor, or premium hits risk/target thresholds.",60,35,10,Stock bars: 1d plus 1m/5m for execution; Option bars: 1m or 5m; Option trades: optional,simple
OPTSTRAT067,ADX Rising +DI Cross Call,adx_dmi,bullish,1h,US optionable equities with average stock dollar volume > $20M and option chain liquidity filters,Buy when +DI crosses above -DI and ADX rises above 20.,Require price to break the previous 5-bar swing in the signal direction.,call,14,35,ATM to 2 strikes OTM,Buy-to-open on breakout confirmation using the nearest liquid contract with 14-35 DTE; prefer ATM to 2 strikes OTM and use 1m option bars for fills.,"Sell-to-close on failed breakout, close back into prior range, or premium target/stop.",55,30,8,Stock bars: 5m+1h; Option bars: 1m or 5m; Option trades: optional,layered
OPTSTRAT068,ADX Rising -DI Cross Put,adx_dmi,bearish,1h,US optionable equities with average stock dollar volume > $20M and option chain liquidity filters,Buy when -DI crosses above +DI and ADX rises above 20.,Require price to break the previous 5-bar swing in the signal direction.,put,14,35,ATM to 2 strikes OTM,Buy-to-open on breakout confirmation using the nearest liquid contract with 14-35 DTE; prefer ATM to 2 strikes OTM and use 1m option bars for fills.,"Sell-to-close on failed breakdown, close back into prior range, or premium target/stop.",55,30,8,Stock bars: 5m+1h; Option bars: 1m or 5m; Option trades: optional,layered
OPTSTRAT069,ADX Exhaustion Reversal Call,adx_dmi,bullish,1h,US optionable equities with average stock dollar volume > $20M and option chain liquidity filters,Buy when ADX rolls over from above 35 after a selloff and price prints a bullish reversal low.,Require RSI divergence on the final swing.,call,7,21,ATM or 1 strike ITM,Buy-to-open next bar using the nearest liquid ATM or 1 strike ITM contract with 7-21 DTE; use the nearest 1m option bar close as fill proxy.,"Sell-to-close at mean reversion target (20 EMA / VWAP / mid-band), signal failure, or premium stop/target.",40,22,5,Stock bars: 5m+1h; Option bars: 1m or 5m; Option trades: optional,simple
OPTSTRAT070,ADX Exhaustion Reversal Put,adx_dmi,bearish,1h,US optionable equities with average stock dollar volume > $20M and option chain liquidity filters,Buy when ADX rolls over from above 35 after a rally and price prints a bearish reversal high.,Require RSI divergence on the final swing.,put,7,21,ATM or 1 strike ITM,Buy-to-open next bar using the nearest liquid ATM or 1 strike ITM contract with 7-21 DTE; use the nearest 1m option bar close as fill proxy.,"Sell-to-close at mean reversion target (20 EMA / VWAP / mid-band), signal failure, or premium stop/target.",40,22,5,Stock bars: 5m+1h; Option bars: 1m or 5m; Option trades: optional,simple
OPTSTRAT071,Supertrend Flip Call,trend_following,bullish,1h,US optionable equities with average stock dollar volume > $20M and option chain liquidity filters,Buy when Supertrend flips from red to green on 1h bars.,Require close to be beyond the ATR band by at least 0.2 ATR.,call,21,45,ATM to 1 strike OTM,Buy-to-open next bar using the nearest liquid contract with 21-45 DTE; prefer ATM to 1 strike OTM and use nearest 1m option bar close as fill proxy.,"Sell-to-close when the bullish signal invalidates, price closes below the setup anchor, or premium hits risk/target thresholds.",60,35,10,Stock bars: 5m+1h; Option bars: 1m or 5m; Option trades: optional,simple
OPTSTRAT072,Supertrend Flip Put,trend_following,bearish,1h,US optionable equities with average stock dollar volume > $20M and option chain liquidity filters,Buy when Supertrend flips from green to red on 1h bars.,Require close to be beyond the ATR band by at least 0.2 ATR.,put,21,45,ATM to 1 strike OTM,Buy-to-open next bar using the nearest liquid contract with 21-45 DTE; prefer ATM to 1 strike OTM and use nearest 1m option bar close as fill proxy.,"Sell-to-close when the bearish signal invalidates, price closes above the setup anchor, or premium hits risk/target thresholds.",60,35,10,Stock bars: 5m+1h; Option bars: 1m or 5m; Option trades: optional,simple
OPTSTRAT073,Parabolic SAR Flip Call,trend_following,bullish,1h,US optionable equities with average stock dollar volume > $20M and option chain liquidity filters,Buy when Parabolic SAR flips below price after a 3-bar pullback.,Require 10 EMA to agree with the new SAR direction.,call,21,45,ATM to 1 strike OTM,Buy-to-open next bar using the nearest liquid contract with 21-45 DTE; prefer ATM to 1 strike OTM and use nearest 1m option bar close as fill proxy.,"Sell-to-close when the bullish signal invalidates, price closes below the setup anchor, or premium hits risk/target thresholds.",60,35,10,Stock bars: 5m+1h; Option bars: 1m or 5m; Option trades: optional,simple
OPTSTRAT074,Parabolic SAR Flip Put,trend_following,bearish,1h,US optionable equities with average stock dollar volume > $20M and option chain liquidity filters,Buy when Parabolic SAR flips above price after a 3-bar rally.,Require 10 EMA to agree with the new SAR direction.,put,21,45,ATM to 1 strike OTM,Buy-to-open next bar using the nearest liquid contract with 21-45 DTE; prefer ATM to 1 strike OTM and use nearest 1m option bar close as fill proxy.,"Sell-to-close when the bearish signal invalidates, price closes above the setup anchor, or premium hits risk/target thresholds.",60,35,10,Stock bars: 5m+1h; Option bars: 1m or 5m; Option trades: optional,simple
OPTSTRAT075,Ichimoku Cloud Breakout Call,ichimoku,bullish,1d,US optionable equities with average stock dollar volume > $20M and option chain liquidity filters,Buy when price closes above the Ichimoku cloud and Tenkan is above Kijun.,Require Chikou span to be clear of prior price action.,call,21,45,ATM to 1 strike OTM,Buy-to-open next bar using the nearest liquid contract with 21-45 DTE; prefer ATM to 1 strike OTM and use nearest 1m option bar close as fill proxy.,"Sell-to-close when the bullish signal invalidates, price closes below the setup anchor, or premium hits risk/target thresholds.",60,35,10,Stock bars: 1d plus 1m/5m for execution; Option bars: 1m or 5m; Option trades: optional,simple
OPTSTRAT076,Ichimoku Cloud Breakdown Put,ichimoku,bearish,1d,US optionable equities with average stock dollar volume > $20M and option chain liquidity filters,Buy when price closes below the Ichimoku cloud and Tenkan is below Kijun.,Require Chikou span to be clear of prior price action.,put,21,45,ATM to 1 strike OTM,Buy-to-open next bar using the nearest liquid contract with 21-45 DTE; prefer ATM to 1 strike OTM and use nearest 1m option bar close as fill proxy.,"Sell-to-close when the bearish signal invalidates, price closes above the setup anchor, or premium hits risk/target thresholds.",60,35,10,Stock bars: 1d plus 1m/5m for execution; Option bars: 1m or 5m; Option trades: optional,simple
OPTSTRAT077,Ichimoku TK Cross Call,ichimoku,bullish,1h,US optionable equities with average stock dollar volume > $20M and option chain liquidity filters,Buy when Tenkan crosses above Kijun while price is above the cloud.,Require cloud thickness to be below its 20-bar median.,call,21,45,ATM to 1 strike OTM,Buy-to-open next bar using the nearest liquid contract with 21-45 DTE; prefer ATM to 1 strike OTM and use nearest 1m option bar close as fill proxy.,"Sell-to-close when the bullish signal invalidates, price closes below the setup anchor, or premium hits risk/target thresholds.",60,35,10,Stock bars: 5m+1h; Option bars: 1m or 5m; Option trades: optional,simple
OPTSTRAT078,Ichimoku TK Cross Put,ichimoku,bearish,1h,US optionable equities with average stock dollar volume > $20M and option chain liquidity filters,Buy when Tenkan crosses below Kijun while price is below the cloud.,Require cloud thickness to be below its 20-bar median.,put,21,45,ATM to 1 strike OTM,Buy-to-open next bar using the nearest liquid contract with 21-45 DTE; prefer ATM to 1 strike OTM and use nearest 1m option bar close as fill proxy.,"Sell-to-close when the bearish signal invalidates, price closes above the setup anchor, or premium hits risk/target thresholds.",60,35,10,Stock bars: 5m+1h; Option bars: 1m or 5m; Option trades: optional,simple
OPTSTRAT079,Aroon Uptrend Call,oscillator,bullish,1d,US optionable equities with average stock dollar volume > $20M and option chain liquidity filters,Buy when Aroon Up crosses above 70 and Aroon Down falls below 30.,Require a fresh 20-bar high/low in the same direction.,call,21,45,ATM to 1 strike OTM,Buy-to-open next bar using the nearest liquid contract with 21-45 DTE; prefer ATM to 1 strike OTM and use nearest 1m option bar close as fill proxy.,"Sell-to-close when the bullish signal invalidates, price closes below the setup anchor, or premium hits risk/target thresholds.",60,35,10,Stock bars: 1d plus 1m/5m for execution; Option bars: 1m or 5m; Option trades: optional,simple
OPTSTRAT080,Aroon Downtrend Put,oscillator,bearish,1d,US optionable equities with average stock dollar volume > $20M and option chain liquidity filters,Buy when Aroon Down crosses above 70 and Aroon Up falls below 30.,Require a fresh 20-bar high/low in the same direction.,put,21,45,ATM to 1 strike OTM,Buy-to-open next bar using the nearest liquid contract with 21-45 DTE; prefer ATM to 1 strike OTM and use nearest 1m option bar close as fill proxy.,"Sell-to-close when the bearish signal invalidates, price closes above the setup anchor, or premium hits risk/target thresholds.",60,35,10,Stock bars: 1d plus 1m/5m for execution; Option bars: 1m or 5m; Option trades: optional,simple
OPTSTRAT081,ROC Zero Cross Call,momentum,bullish,1d,US optionable equities with average stock dollar volume > $20M and option chain liquidity filters,Buy when Rate of Change(10) crosses above zero.,Require close to be above/below the 20 EMA.,call,21,45,ATM to 1 strike OTM,Buy-to-open next bar using the nearest liquid contract with 21-45 DTE; prefer ATM to 1 strike OTM and use nearest 1m option bar close as fill proxy.,"Sell-to-close when the bullish signal invalidates, price closes below the setup anchor, or premium hits risk/target thresholds.",60,35,10,Stock bars: 1d plus 1m/5m for execution; Option bars: 1m or 5m; Option trades: optional,simple
OPTSTRAT082,ROC Zero Cross Put,momentum,bearish,1d,US optionable equities with average stock dollar volume > $20M and option chain liquidity filters,Buy when Rate of Change(10) crosses below zero.,Require close to be above/below the 20 EMA.,put,21,45,ATM to 1 strike OTM,Buy-to-open next bar using the nearest liquid contract with 21-45 DTE; prefer ATM to 1 strike OTM and use nearest 1m option bar close as fill proxy.,"Sell-to-close when the bearish signal invalidates, price closes above the setup anchor, or premium hits risk/target thresholds.",60,35,10,Stock bars: 1d plus 1m/5m for execution; Option bars: 1m or 5m; Option trades: optional,simple
OPTSTRAT083,Hull MA Turn Call,trend_ma,bullish,1h,US optionable equities with average stock dollar volume > $20M and option chain liquidity filters,Buy when Hull MA turns up after at least 3 declining bars.,Require price to close on the signal side of the Hull MA.,call,14,30,ATM,Buy-to-open next bar using the nearest liquid ATM contract with 14-30 DTE; use the nearest 1m option bar close or first trade after signal.,"Sell-to-close on momentum rollover, retest failure, or when premium reaches target/stop.",45,25,7,Stock bars: 5m+1h; Option bars: 1m or 5m; Option trades: optional,moderate
OPTSTRAT084,Hull MA Turn Put,trend_ma,bearish,1h,US optionable equities with average stock dollar volume > $20M and option chain liquidity filters,Buy when Hull MA turns down after at least 3 rising bars.,Require price to close on the signal side of the Hull MA.,put,14,30,ATM,Buy-to-open next bar using the nearest liquid ATM contract with 14-30 DTE; use the nearest 1m option bar close or first trade after signal.,"Sell-to-close on downside momentum rollover, retest failure, or when premium reaches target/stop.",45,25,7,Stock bars: 5m+1h; Option bars: 1m or 5m; Option trades: optional,moderate
OPTSTRAT085,Linear Regression Slope Turn Call,momentum,bullish,1d,US optionable equities with average stock dollar volume > $20M and option chain liquidity filters,Buy when 20-day linear regression slope turns positive from negative.,Require the 5-day slope to already agree with the new direction.,call,21,45,ATM to 1 strike OTM,Buy-to-open next bar using the nearest liquid contract with 21-45 DTE; prefer ATM to 1 strike OTM and use nearest 1m option bar close as fill proxy.,"Sell-to-close when the bullish signal invalidates, price closes below the setup anchor, or premium hits risk/target thresholds.",60,35,10,Stock bars: 1d plus 1m/5m for execution; Option bars: 1m or 5m; Option trades: optional,simple
OPTSTRAT086,Linear Regression Slope Turn Put,momentum,bearish,1d,US optionable equities with average stock dollar volume > $20M and option chain liquidity filters,Buy when 20-day linear regression slope turns negative from positive.,Require the 5-day slope to already agree with the new direction.,put,21,45,ATM to 1 strike OTM,Buy-to-open next bar using the nearest liquid contract with 21-45 DTE; prefer ATM to 1 strike OTM and use nearest 1m option bar close as fill proxy.,"Sell-to-close when the bearish signal invalidates, price closes above the setup anchor, or premium hits risk/target thresholds.",60,35,10,Stock bars: 1d plus 1m/5m for execution; Option bars: 1m or 5m; Option trades: optional,simple
OPTSTRAT087,OBV Breakout Call,volume,bullish,1d,US optionable equities with average stock dollar volume > $20M and option chain liquidity filters,Buy when On-Balance Volume breaks above its 20-day high before price does.,Enter only if price confirms within 3 bars.,call,14,35,ATM to 2 strikes OTM,Buy-to-open on breakout confirmation using the nearest liquid contract with 14-35 DTE; prefer ATM to 2 strikes OTM and use 1m option bars for fills.,"Sell-to-close on failed breakout, close back into prior range, or premium target/stop.",55,30,8,Stock bars: 1d plus 1m/5m for execution; Option bars: 1m or 5m; Option trades: optional,layered
OPTSTRAT088,OBV Breakdown Put,volume,bearish,1d,US optionable equities with average stock dollar volume > $20M and option chain liquidity filters,Buy when On-Balance Volume breaks below its 20-day low before price does.,Enter only if price confirms within 3 bars.,put,14,35,ATM to 2 strikes OTM,Buy-to-open on breakout confirmation using the nearest liquid contract with 14-35 DTE; prefer ATM to 2 strikes OTM and use 1m option bars for fills.,"Sell-to-close on failed breakdown, close back into prior range, or premium target/stop.",55,30,8,Stock bars: 1d plus 1m/5m for execution; Option bars: 1m or 5m; Option trades: optional,layered
OPTSTRAT089,CMF Positive Flip Call,volume,bullish,1h,US optionable equities with average stock dollar volume > $20M and option chain liquidity filters,Buy when Chaikin Money Flow crosses above zero and price reclaims the 20 EMA.,Require at least 2 of last 3 bars to close in signal direction.,call,14,30,ATM,Buy-to-open next bar using the nearest liquid ATM contract with 14-30 DTE; use the nearest 1m option bar close or first trade after signal.,"Sell-to-close on momentum rollover, retest failure, or when premium reaches target/stop.",45,25,7,Stock bars: 5m+1h; Option bars: 1m or 5m; Option trades: optional,moderate
OPTSTRAT090,CMF Negative Flip Put,volume,bearish,1h,US optionable equities with average stock dollar volume > $20M and option chain liquidity filters,Buy when Chaikin Money Flow crosses below zero and price loses the 20 EMA.,Require at least 2 of last 3 bars to close in signal direction.,put,14,30,ATM,Buy-to-open next bar using the nearest liquid ATM contract with 14-30 DTE; use the nearest 1m option bar close or first trade after signal.,"Sell-to-close on downside momentum rollover, retest failure, or when premium reaches target/stop.",45,25,7,Stock bars: 5m+1h; Option bars: 1m or 5m; Option trades: optional,moderate
OPTSTRAT091,Volume Climax Reversal Call,volume,bullish,30m,US optionable equities with average stock dollar volume > $20M and option chain liquidity filters,Buy when a downside climax bar prints >2.5x average volume and the next bar reverses above its midpoint.,Require the climax bar to tag a 20-bar extreme.,call,7,21,ATM or 1 strike ITM,Buy-to-open next bar using the nearest liquid ATM or 1 strike ITM contract with 7-21 DTE; use the nearest 1m option bar close as fill proxy.,"Sell-to-close at mean reversion target (20 EMA / VWAP / mid-band), signal failure, or premium stop/target.",40,22,5,Stock bars: 1m+30m; Option bars: 1m; Option trades: optional for slippage refinement,simple
OPTSTRAT092,Volume Climax Reversal Put,volume,bearish,30m,US optionable equities with average stock dollar volume > $20M and option chain liquidity filters,Buy when an upside climax bar prints >2.5x average volume and the next bar reverses below its midpoint.,Require the climax bar to tag a 20-bar extreme.,put,7,21,ATM or 1 strike ITM,Buy-to-open next bar using the nearest liquid ATM or 1 strike ITM contract with 7-21 DTE; use the nearest 1m option bar close as fill proxy.,"Sell-to-close at mean reversion target (20 EMA / VWAP / mid-band), signal failure, or premium stop/target.",40,22,5,Stock bars: 1m+30m; Option bars: 1m; Option trades: optional for slippage refinement,simple
OPTSTRAT093,Relative Strength vs SPY Breakout Call,relative_strength,bullish,1d,US optionable equities with average stock dollar volume > $20M and option chain liquidity filters,Buy when the stock/SPY ratio closes above its 20-day high and the stock breaks price resistance.,Require SPY itself to not be moving strongly against the setup.,call,14,35,ATM to 2 strikes OTM,Buy-to-open on breakout confirmation using the nearest liquid contract with 14-35 DTE; prefer ATM to 2 strikes OTM and use 1m option bars for fills.,"Sell-to-close on failed breakout, close back into prior range, or premium target/stop.",55,30,8,Stock bars: 1d plus 1m/5m for execution; Option bars: 1m or 5m; Option trades: optional,layered
OPTSTRAT094,Relative Weakness vs SPY Breakdown Put,relative_strength,bearish,1d,US optionable equities with average stock dollar volume > $20M and option chain liquidity filters,Buy when the stock/SPY ratio closes below its 20-day low and the stock breaks price support.,Require SPY itself to not be moving strongly against the setup.,put,14,35,ATM to 2 strikes OTM,Buy-to-open on breakout confirmation using the nearest liquid contract with 14-35 DTE; prefer ATM to 2 strikes OTM and use 1m option bars for fills.,"Sell-to-close on failed breakdown, close back into prior range, or premium target/stop.",55,30,8,Stock bars: 1d plus 1m/5m for execution; Option bars: 1m or 5m; Option trades: optional,layered
OPTSTRAT095,SPY Bull Regime Pullback Call,market_filter,bullish,1h,US optionable equities with average stock dollar volume > $20M and option chain liquidity filters,Buy when SPY is above its daily 50 and 200 SMA and the stock triggers a 1h pullback continuation long.,Require stock beta to SPY over 60 days >= 0.8.,call,30,60,ATM to 1 strike OTM,Buy-to-open next bar using the nearest liquid contract with 30-60 DTE; prefer ATM to 1 strike OTM and use 1m option bars for fills.,"Sell-to-close when the lower-timeframe trigger fails or the higher-timeframe trend filter breaks, or at premium target/stop.",75,35,15,Stock bars: 5m+1h; Option bars: 1m or 5m; Option trades: optional,layered
OPTSTRAT096,SPY Bear Regime Bounce Put,market_filter,bearish,1h,US optionable equities with average stock dollar volume > $20M and option chain liquidity filters,Buy when SPY is below its daily 50 and 200 SMA and the stock triggers a 1h bounce-fail short signal.,Require stock beta to SPY over 60 days >= 0.8.,put,30,60,ATM to 1 strike OTM,Buy-to-open next bar using the nearest liquid contract with 30-60 DTE; prefer ATM to 1 strike OTM and use 1m option bars for fills.,"Sell-to-close when the lower-timeframe trigger fails or the higher-timeframe trend filter breaks, or at premium target/stop.",75,35,15,Stock bars: 5m+1h; Option bars: 1m or 5m; Option trades: optional,layered
OPTSTRAT097,52-Week High Breakout Call,breakout,bullish,1d,US optionable equities with average stock dollar volume > $20M and option chain liquidity filters,Buy when price closes above the prior 252-day high.,Require breakout/breakdown volume >= 1.5x 20-day average.,call,14,35,ATM to 2 strikes OTM,Buy-to-open on breakout confirmation using the nearest liquid contract with 14-35 DTE; prefer ATM to 2 strikes OTM and use 1m option bars for fills.,"Sell-to-close on failed breakout, close back into prior range, or premium target/stop.",55,30,8,Stock bars: 1d plus 1m/5m for execution; Option bars: 1m or 5m; Option trades: optional,layered
OPTSTRAT098,52-Week Low Breakdown Put,breakout,bearish,1d,US optionable equities with average stock dollar volume > $20M and option chain liquidity filters,Buy when price closes below the prior 252-day low.,Require breakout/breakdown volume >= 1.5x 20-day average.,put,14,35,ATM to 2 strikes OTM,Buy-to-open on breakout confirmation using the nearest liquid contract with 14-35 DTE; prefer ATM to 2 strikes OTM and use 1m option bars for fills.,"Sell-to-close on failed breakdown, close back into prior range, or premium target/stop.",55,30,8,Stock bars: 1d plus 1m/5m for execution; Option bars: 1m or 5m; Option trades: optional,layered
OPTSTRAT099,Weekly High / Daily Trigger Call,breakout,bullish,1d,US optionable equities with average stock dollar volume > $20M and option chain liquidity filters,Buy when weekly trend is up and daily close breaks the prior 4-week high.,Require daily ATR percentile to be below 80 before breakout day.,call,30,60,ATM to 1 strike OTM,Buy-to-open next bar using the nearest liquid contract with 30-60 DTE; prefer ATM to 1 strike OTM and use 1m option bars for fills.,"Sell-to-close when the lower-timeframe trigger fails or the higher-timeframe trend filter breaks, or at premium target/stop.",75,35,15,Stock bars: 1d plus 1m/5m for execution; Option bars: 1m or 5m; Option trades: optional,layered
OPTSTRAT100,Weekly Low / Daily Trigger Put,breakout,bearish,1d,US optionable equities with average stock dollar volume > $20M and option chain liquidity filters,Buy when weekly trend is down and daily close breaks the prior 4-week low.,Require daily ATR percentile to be below 80 before breakout day.,put,30,60,ATM to 1 strike OTM,Buy-to-open next bar using the nearest liquid contract with 30-60 DTE; prefer ATM to 1 strike OTM and use 1m option bars for fills.,"Sell-to-close when the lower-timeframe trigger fails or the higher-timeframe trend filter breaks, or at premium target/stop.",75,35,15,Stock bars: 1d plus 1m/5m for execution; Option bars: 1m or 5m; Option trades: optional,layered
OPTSTRAT101,2 ATR Stretch Snapback Call,mean_reversion,bullish,1h,US optionable equities with average stock dollar volume > $20M and option chain liquidity filters,Buy when price closes 2 ATR below the 20 EMA and then closes back above the prior bar high.,Require distance from 20 EMA to shrink on entry bar.,call,7,21,ATM or 1 strike ITM,Buy-to-open next bar using the nearest liquid ATM or 1 strike ITM contract with 7-21 DTE; use the nearest 1m option bar close as fill proxy.,"Sell-to-close at mean reversion target (20 EMA / VWAP / mid-band), signal failure, or premium stop/target.",40,22,5,Stock bars: 5m+1h; Option bars: 1m or 5m; Option trades: optional,simple
OPTSTRAT102,2 ATR Stretch Snapback Put,mean_reversion,bearish,1h,US optionable equities with average stock dollar volume > $20M and option chain liquidity filters,Buy when price closes 2 ATR above the 20 EMA and then closes back below the prior bar low.,Require distance from 20 EMA to shrink on entry bar.,put,7,21,ATM or 1 strike ITM,Buy-to-open next bar using the nearest liquid ATM or 1 strike ITM contract with 7-21 DTE; use the nearest 1m option bar close as fill proxy.,"Sell-to-close at mean reversion target (20 EMA / VWAP / mid-band), signal failure, or premium stop/target.",40,22,5,Stock bars: 5m+1h; Option bars: 1m or 5m; Option trades: optional,simple
OPTSTRAT103,RSI(2) Washout Reversal Call,mean_reversion,bullish,1d,US optionable equities with average stock dollar volume > $20M and option chain liquidity filters,Buy when daily RSI(2) < 5 and price closes above the prior day high.,Require price to be on the correct side of the 200 SMA for mean-reversion bias.,call,7,21,ATM or 1 strike ITM,Buy-to-open next bar using the nearest liquid ATM or 1 strike ITM contract with 7-21 DTE; use the nearest 1m option bar close as fill proxy.,"Sell-to-close at mean reversion target (20 EMA / VWAP / mid-band), signal failure, or premium stop/target.",40,22,5,Stock bars: 1d plus 1m/5m for execution; Option bars: 1m or 5m; Option trades: optional,simple
OPTSTRAT104,RSI(2) Spike Reversal Put,mean_reversion,bearish,1d,US optionable equities with average stock dollar volume > $20M and option chain liquidity filters,Buy when daily RSI(2) > 95 and price closes below the prior day low.,Require price to be on the correct side of the 200 SMA for mean-reversion bias.,put,7,21,ATM or 1 strike ITM,Buy-to-open next bar using the nearest liquid ATM or 1 strike ITM contract with 7-21 DTE; use the nearest 1m option bar close as fill proxy.,"Sell-to-close at mean reversion target (20 EMA / VWAP / mid-band), signal failure, or premium stop/target.",40,22,5,Stock bars: 1d plus 1m/5m for execution; Option bars: 1m or 5m; Option trades: optional,simple
OPTSTRAT105,Bullish Engulfing Continuation Call,candlestick,bullish,1d,US optionable equities with average stock dollar volume > $20M and option chain liquidity filters,Buy when a bullish engulfing candle forms at the 20 EMA in an uptrend.,Require engulfing bar volume >= prior bar volume.,call,21,45,ATM to 1 strike OTM,Buy-to-open next bar using the nearest liquid contract with 21-45 DTE; prefer ATM to 1 strike OTM and use nearest 1m option bar close as fill proxy.,"Sell-to-close when the bullish signal invalidates, price closes below the setup anchor, or premium hits risk/target thresholds.",60,35,10,Stock bars: 1d plus 1m/5m for execution; Option bars: 1m or 5m; Option trades: optional,simple
OPTSTRAT106,Bearish Engulfing Continuation Put,candlestick,bearish,1d,US optionable equities with average stock dollar volume > $20M and option chain liquidity filters,Buy when a bearish engulfing candle forms at the 20 EMA in a downtrend.,Require engulfing bar volume >= prior bar volume.,put,21,45,ATM to 1 strike OTM,Buy-to-open next bar using the nearest liquid contract with 21-45 DTE; prefer ATM to 1 strike OTM and use nearest 1m option bar close as fill proxy.,"Sell-to-close when the bearish signal invalidates, price closes above the setup anchor, or premium hits risk/target thresholds.",60,35,10,Stock bars: 1d plus 1m/5m for execution; Option bars: 1m or 5m; Option trades: optional,simple
OPTSTRAT107,Hammer Support Reversal Call,candlestick,bullish,1d,US optionable equities with average stock dollar volume > $20M and option chain liquidity filters,Buy when a hammer forms at support and the next bar breaks its high.,Require wick to be at least 2x body size.,call,7,21,ATM or 1 strike ITM,Buy-to-open next bar using the nearest liquid ATM or 1 strike ITM contract with 7-21 DTE; use the nearest 1m option bar close as fill proxy.,"Sell-to-close at mean reversion target (20 EMA / VWAP / mid-band), signal failure, or premium stop/target.",40,22,5,Stock bars: 1d plus 1m/5m for execution; Option bars: 1m or 5m; Option trades: optional,simple
OPTSTRAT108,Shooting Star Resistance Reversal Put,candlestick,bearish,1d,US optionable equities with average stock dollar volume > $20M and option chain liquidity filters,Buy when a shooting star forms at resistance and the next bar breaks its low.,Require wick to be at least 2x body size.,put,7,21,ATM or 1 strike ITM,Buy-to-open next bar using the nearest liquid ATM or 1 strike ITM contract with 7-21 DTE; use the nearest 1m option bar close as fill proxy.,"Sell-to-close at mean reversion target (20 EMA / VWAP / mid-band), signal failure, or premium stop/target.",40,22,5,Stock bars: 1d plus 1m/5m for execution; Option bars: 1m or 5m; Option trades: optional,simple
OPTSTRAT109,Morning Star Base Break Call,candlestick,bullish,1d,US optionable equities with average stock dollar volume > $20M and option chain liquidity filters,Buy when a morning star completes at a 20-day support zone and price takes out the pattern high.,Require third candle body to exceed the middle candle body.,call,7,21,ATM or 1 strike ITM,Buy-to-open next bar using the nearest liquid ATM or 1 strike ITM contract with 7-21 DTE; use the nearest 1m option bar close as fill proxy.,"Sell-to-close at mean reversion target (20 EMA / VWAP / mid-band), signal failure, or premium stop/target.",40,22,5,Stock bars: 1d plus 1m/5m for execution; Option bars: 1m or 5m; Option trades: optional,simple
OPTSTRAT110,Evening Star Top Break Put,candlestick,bearish,1d,US optionable equities with average stock dollar volume > $20M and option chain liquidity filters,Buy when an evening star completes at a 20-day resistance zone and price takes out the pattern low.,Require third candle body to exceed the middle candle body.,put,7,21,ATM or 1 strike ITM,Buy-to-open next bar using the nearest liquid ATM or 1 strike ITM contract with 7-21 DTE; use the nearest 1m option bar close as fill proxy.,"Sell-to-close at mean reversion target (20 EMA / VWAP / mid-band), signal failure, or premium stop/target.",40,22,5,Stock bars: 1d plus 1m/5m for execution; Option bars: 1m or 5m; Option trades: optional,simple
OPTSTRAT111,Volatility Contraction Expansion Call,volatility,bullish,1h,US optionable equities with average stock dollar volume > $20M and option chain liquidity filters,Buy when Bollinger Band width percentile < 15 and price breaks a 10-bar compression range to the upside.,Require realized volatility over the last 5 bars to expand on entry.,call,14,35,ATM to 2 strikes OTM,Buy-to-open on breakout confirmation using the nearest liquid contract with 14-35 DTE; prefer ATM to 2 strikes OTM and use 1m option bars for fills.,"Sell-to-close on failed breakout, close back into prior range, or premium target/stop.",55,30,8,Stock bars: 5m+1h; Option bars: 1m or 5m; Option trades: optional,layered
OPTSTRAT112,Volatility Contraction Expansion Put,volatility,bearish,1h,US optionable equities with average stock dollar volume > $20M and option chain liquidity filters,Buy when Bollinger Band width percentile < 15 and price breaks a 10-bar compression range to the downside.,Require realized volatility over the last 5 bars to expand on entry.,put,14,35,ATM to 2 strikes OTM,Buy-to-open on breakout confirmation using the nearest liquid contract with 14-35 DTE; prefer ATM to 2 strikes OTM and use 1m option bars for fills.,"Sell-to-close on failed breakdown, close back into prior range, or premium target/stop.",55,30,8,Stock bars: 5m+1h; Option bars: 1m or 5m; Option trades: optional,layered
OPTSTRAT113,DMI Pullback Continuation Call,adx_dmi,bullish,30m,US optionable equities with average stock dollar volume > $20M and option chain liquidity filters,"Buy when +DI remains above -DI, price pulls back for 2-4 bars, and then breaks the pullback high.",Require ADX to stay above 20 during the pullback.,call,21,45,ATM to 1 strike OTM,Buy-to-open next bar using the nearest liquid contract with 21-45 DTE; prefer ATM to 1 strike OTM and use nearest 1m option bar close as fill proxy.,"Sell-to-close when the bullish signal invalidates, price closes below the setup anchor, or premium hits risk/target thresholds.",60,35,10,Stock bars: 1m+30m; Option bars: 1m; Option trades: optional for slippage refinement,simple
OPTSTRAT114,DMI Pullback Continuation Put,adx_dmi,bearish,30m,US optionable equities with average stock dollar volume > $20M and option chain liquidity filters,"Buy when -DI remains above +DI, price bounces for 2-4 bars, and then breaks the pullback low.",Require ADX to stay above 20 during the pullback.,put,21,45,ATM to 1 strike OTM,Buy-to-open next bar using the nearest liquid contract with 21-45 DTE; prefer ATM to 1 strike OTM and use nearest 1m option bar close as fill proxy.,"Sell-to-close when the bearish signal invalidates, price closes above the setup anchor, or premium hits risk/target thresholds.",60,35,10,Stock bars: 1m+30m; Option bars: 1m; Option trades: optional for slippage refinement,simple
OPTSTRAT115,KST Momentum Cross Call,oscillator,bullish,1d,US optionable equities with average stock dollar volume > $20M and option chain liquidity filters,Buy when KST crosses above its signal and price closes above the 10 EMA.,Require KST slope to accelerate versus the prior bar.,call,21,45,ATM to 1 strike OTM,Buy-to-open next bar using the nearest liquid contract with 21-45 DTE; prefer ATM to 1 strike OTM and use nearest 1m option bar close as fill proxy.,"Sell-to-close when the bullish signal invalidates, price closes below the setup anchor, or premium hits risk/target thresholds.",60,35,10,Stock bars: 1d plus 1m/5m for execution; Option bars: 1m or 5m; Option trades: optional,simple
OPTSTRAT116,KST Momentum Cross Put,oscillator,bearish,1d,US optionable equities with average stock dollar volume > $20M and option chain liquidity filters,Buy when KST crosses below its signal and price closes below the 10 EMA.,Require KST slope to accelerate versus the prior bar.,put,21,45,ATM to 1 strike OTM,Buy-to-open next bar using the nearest liquid contract with 21-45 DTE; prefer ATM to 1 strike OTM and use nearest 1m option bar close as fill proxy.,"Sell-to-close when the bearish signal invalidates, price closes above the setup anchor, or premium hits risk/target thresholds.",60,35,10,Stock bars: 1d plus 1m/5m for execution; Option bars: 1m or 5m; Option trades: optional,simple
OPTSTRAT117,Double Bottom Neckline Call,pattern_breakout,bullish,1h,US optionable equities with average stock dollar volume > $20M and option chain liquidity filters,Buy when a double bottom forms and price breaks the neckline high.,Require second bottom/top to occur on lower volume than the first.,call,14,35,ATM to 2 strikes OTM,Buy-to-open on breakout confirmation using the nearest liquid contract with 14-35 DTE; prefer ATM to 2 strikes OTM and use 1m option bars for fills.,"Sell-to-close on failed breakout, close back into prior range, or premium target/stop.",55,30,8,Stock bars: 5m+1h; Option bars: 1m or 5m; Option trades: optional,layered
OPTSTRAT118,Double Top Neckline Put,pattern_breakout,bearish,1h,US optionable equities with average stock dollar volume > $20M and option chain liquidity filters,Buy when a double top forms and price breaks the neckline low.,Require second bottom/top to occur on lower volume than the first.,put,14,35,ATM to 2 strikes OTM,Buy-to-open on breakout confirmation using the nearest liquid contract with 14-35 DTE; prefer ATM to 2 strikes OTM and use 1m option bars for fills.,"Sell-to-close on failed breakdown, close back into prior range, or premium target/stop.",55,30,8,Stock bars: 5m+1h; Option bars: 1m or 5m; Option trades: optional,layered
OPTSTRAT119,Daily Trend + 15m Trigger Call,multi_timeframe,bullish,15m,US optionable equities with average stock dollar volume > $20M and option chain liquidity filters,Buy when daily trend is up (20 EMA above 50 EMA) and a 15m bull flag breaks upward.,Require 15m flag volume to contract before breakout.,call,30,60,ATM to 1 strike OTM,Buy-to-open next bar using the nearest liquid contract with 30-60 DTE; prefer ATM to 1 strike OTM and use 1m option bars for fills.,"Sell-to-close when the lower-timeframe trigger fails or the higher-timeframe trend filter breaks, or at premium target/stop.",75,35,15,Stock bars: 1m+15m; Option bars: 1m; Option trades: optional for slippage refinement,layered
OPTSTRAT120,Daily Trend + 15m Trigger Put,multi_timeframe,bearish,15m,US optionable equities with average stock dollar volume > $20M and option chain liquidity filters,Buy when daily trend is down (20 EMA below 50 EMA) and a 15m bear flag breaks downward.,Require 15m flag volume to contract before breakout.,put,30,60,ATM to 1 strike OTM,Buy-to-open next bar using the nearest liquid contract with 30-60 DTE; prefer ATM to 1 strike OTM and use 1m option bars for fills.,"Sell-to-close when the lower-timeframe trigger fails or the higher-timeframe trend filter breaks, or at premium target/stop.",75,35,15,Stock bars: 1m+15m; Option bars: 1m; Option trades: optional for slippage refinement,layered
OPTSTRAT121,Weekly Trend + Daily Pullback Call,multi_timeframe,bullish,1d,US optionable equities with average stock dollar volume > $20M and option chain liquidity filters,"Buy when weekly trend is up, daily price pulls into weekly 10 EMA support, and daily closes strong.",Require weekly ADX > 20.,call,30,60,ATM to 1 strike OTM,Buy-to-open next bar using the nearest liquid contract with 30-60 DTE; prefer ATM to 1 strike OTM and use 1m option bars for fills.,"Sell-to-close when the lower-timeframe trigger fails or the higher-timeframe trend filter breaks, or at premium target/stop.",75,35,15,Stock bars: 1d plus 1m/5m for execution; Option bars: 1m or 5m; Option trades: optional,layered
OPTSTRAT122,Weekly Trend + Daily Bounce Fail Put,multi_timeframe,bearish,1d,US optionable equities with average stock dollar volume > $20M and option chain liquidity filters,"Buy when weekly trend is down, daily price rallies into weekly 10 EMA resistance, and daily closes weak.",Require weekly ADX > 20.,put,30,60,ATM to 1 strike OTM,Buy-to-open next bar using the nearest liquid contract with 30-60 DTE; prefer ATM to 1 strike OTM and use 1m option bars for fills.,"Sell-to-close when the lower-timeframe trigger fails or the higher-timeframe trend filter breaks, or at premium target/stop.",75,35,15,Stock bars: 1d plus 1m/5m for execution; Option bars: 1m or 5m; Option trades: optional,layered
